Region,Scenario,Percentile,Year,SLR,Total_AAL,Building_AAL,Crops_AAL,Road_AAL,Infrastructure_AAL,Average_Annual_Population_Exposed
National,ssp119 (medium confidence),5,2020,0.012,5572907.05,3653803.32,215853.56,429710.88,1273539.62,1970.22
National,ssp119 (medium confidence),5,2030,0.029,5773870.18,3794687.2,220585.21,442916.86,1315680.89,2072.44
National,ssp119 (medium confidence),5,2040,0.05,6021023.06,3968720.35,226425.42,459007.55,1366870.1,2103.13
National,ssp119 (medium confidence),5,2050,0.092,6514008.56,4316786.42,238098.68,490989.73,1468133.84,2127.9
National,ssp119 (medium confidence),5,2060,0.102,6635253.42,4403260.96,240894.85,498632.01,1492465.57,2130.95
National,ssp119 (medium confidence),5,2070,0.126,6972437.5,4645375.52,247800.46,519407.97,1559853.44,2284.33
National,ssp119 (medium confidence),5,2080,0.14,7170141.59,4786609.05,251830.99,531656.49,1600045.3,2319.29
National,ssp119 (medium confidence),5,2090,0.162,7479776.72,5008547.44,258163.46,550796.65,1662269.51,2342.65
National,ssp119 (medium confidence),5,2100,0.145,7240640.53,4837049.53,253270.27,536013.68,1614307.2,2330.11
National,ssp119 (medium confidence),5,2110,0.17,7592271.9,5089252.58,260465.32,557748.81,1684805.47,2347.74
National,ssp119 (medium confidence),5,2120,0.179,7718843.75,5180045.11,263055.11,565578.12,1710165.17,2352.79
National,ssp119 (medium confidence),5,2130,0.184,7789162.35,5230485.86,264494.02,569915.13,1724267.62,2354.69
National,ssp119 (medium confidence),5,2140,0.188,7845416.2,5270838.12,265645.23,573388.71,1735544.41,2356.31
National,ssp119 (medium confidence),5,2150,0.194,7929778.57,5331366.83,267371.58,578598.67,1752441.52,2358.25
National,ssp119 (medium confidence),17,2020,0.026,5738665.37,3769825.32,219751.68,440598.09,1308490.76,2066.9
National,ssp119 (medium confidence),17,2030,0.052,6044492.2,3985294.95,226981.08,460529.6,1371686.79,2108.82
National,ssp119 (medium confidence),17,2040,0.078,6349705.33,4200764.41,234207.71,480345.67,1434387.54,2125.56
National,ssp119 (medium confidence),17,2050,0.123,6930146.39,4615111.43,246936.49,516785.46,1551313.28,2274.19
National,ssp119 (medium confidence),17,2060,0.141,7184202.52,4796697.24,252118.46,532530.31,1602856.21,2321.77
National,ssp119 (medium confidence),17,2070,0.174,7648538.89,5129604.83,261616.49,561233.04,1696084.61,2350.59
National,ssp119 (medium confidence),17,2080,0.198,7986023.54,5371719.39,268522.75,582075.44,1763706.28,2359.63
National,ssp119 (medium confidence),17,2090,0.229,8485695.79,5736133.71,277664.33,612065.95,1859831.96,2548.45
National,ssp119 (medium confidence),17,2100,0.243,8714202.19,5902317.38,281803.47,625916.06,1904165.16,2578.86
National,ssp119 (medium confidence),17,2110,0.266,9088849.86,6175333.71,288600.7,648558.01,1976357.48,2589.03
National,ssp119 (medium confidence),17,2120,0.285,9398235.29,6400868.86,294215.06,667230.82,2035920.57,2599.87
National,ssp119 (medium confidence),17,2130,0.302,9678624.3,6606279.32,299252.09,684019.16,2089073.31,2616.01
National,ssp119 (medium confidence),17,2140,0.316,9934120.77,6797775.69,303508.01,699323.79,2133513.28,2718.71
National,ssp119 (medium confidence),17,2150,0.33,1.019205255E7,6989272.12,307775.38,715213.24,2179791.73,2797.31
National,ssp119 (medium confidence),50,2020,0.046,5973899.13,3935570.89,225312.93,455956.67,1357058.41,2100.17
National,ssp119 (medium confidence),50,2030,0.084,6420112.39,4250488.2,235875.2,484904.1,1448845.14,2127.53
National,ssp119 (medium confidence),50,2040,0.124,6944213.41,4625199.55,247224.28,517661.52,1554127.77,2279.4
National,ssp119 (medium confidence),50,2050,0.174,7648538.89,5129604.83,261616.49,561233.04,1696084.61,2350.59
National,ssp119 (medium confidence),50,2060,0.208,8142412.23,5486857.9,271449.8,591055.19,1793049.78,2374.17
National,ssp119 (medium confidence),50,2070,0.257,8942191.91,6068501.05,285941.11,639701.31,1948048.15,2584.97
National,ssp119 (medium confidence),50,2080,0.3,9642517.3,6578922.88,298647.45,681979.86,2082967.11,2608.16
National,ssp119 (medium confidence),50,2090,0.349,1.054099707E7,7249159.79,313561.92,736513.46,2241761.75,2828.64
National,ssp119 (medium confidence),50,2100,0.404,1.156003384E7,8010985.06,330322.81,798110.38,2420615.25,2871.6
National,ssp119 (medium confidence),50,2110,0.456,1.265240157E7,8845996.3,346525.51,863397.39,2596482.41,3121.66
National,ssp119 (medium confidence),50,2120,0.496,1.349196923E7,9488312.47,358983.18,913453.55,2731219.77,3143.43
National,ssp119 (medium confidence),50,2130,0.535,1.441197577E7,1.020256965E7,371701.21,966909.32,2870795.58,3409.68
National,ssp119 (medium confidence),50,2140,0.572,1.529631829E7,1.088973906E7,383834.45,1018605.84,3004139.12,3460.58
National,ssp119 (medium confidence),50,2150,0.608,1.618025625E7,1.158248925E7,395804.79,1069148.04,3132814.13,3502.03
National,ssp119 (medium confidence),83,2020,0.07,6255751.17,4134466.19,231984.3,474265.68,1415035.09,2123.47
National,ssp119 (medium confidence),83,2030,0.125,6958297.26,4635287.51,247512.62,518538.13,1556959.12,2282.37
National,ssp119 (medium confidence),83,2040,0.183,7775097.85,5220397.64,264206.31,569047.68,1721446.26,2353.16
National,ssp119 (medium confidence),83,2050,0.249,8811879.62,5973539.01,283577.36,631813.54,1922949.94,2582.1
National,ssp119 (medium confidence),83,2060,0.305,9732812.22,6647314.44,300160.05,687118.84,2098218.63,2617.66
National,ssp119 (medium confidence),83,2070,0.38,1.111014671E7,7673187.33,322997.57,771139.79,2342821.94,2853.53
National,ssp119 (medium confidence),83,2080,0.449,1.250532717E7,8733590.88,344345.42,854608.17,2572782.71,3117.34
National,ssp119 (medium confidence),83,2090,0.525,1.417228787E7,1.001684783E7,368420.69,952866.66,2834152.63,3369.36
National,ssp119 (medium confidence),83,2100,0.617,1.642511585E7,1.177681076E7,398965.31,1083488.98,3165850.65,3640.51
National,ssp119 (medium confidence),83,2110,0.7,1.868101223E7,1.356888568E7,428078.01,1213262.97,3470785.57,3817.19
National,ssp119 (medium confidence),83,2120,0.77,2.091828904E7,1.540074398E7,454527.3,1339476.47,3723541.7,4420.49
National,ssp119 (medium confidence),83,2130,0.837,2.306074082E7,1.715409426E7,479846.81,1460838.21,3965961.27,4475.12
National,ssp119 (medium confidence),83,2140,0.902,2.514963939E7,1.886593649E7,504449.42,1578604.03,4200648.92,4500.68
National,ssp119 (medium confidence),83,2150,0.967,2.759089862E7,2.091895967E7,530481.66,1712997.81,4428459.59,4911.86
National,ssp119 (medium confidence),95,2020,0.089,6478805.83,4291924.67,237264.95,488707.26,1460909.21,2127.56
National,ssp119 (medium confidence),95,2030,0.158,7423538.02,4968195.15,257012.04,547323.18,1651007.64,2341.55
National,ssp119 (medium confidence),95,2040,0.232,8534513.05,5771744.23,278551.16,615034.55,1869182.91,2553.85
National,ssp119 (medium confidence),95,2050,0.316,9934120.88,6797775.69,303508.01,699323.91,2133513.28,2718.74
National,ssp119 (medium confidence),95,2060,0.391,1.131196229E7,7823648.61,326345.53,783412.79,2378555.31,2858.2
National,ssp119 (medium confidence),95,2070,0.49,1.336603887E7,9391964.87,357114.36,905948.97,2711010.07,3139.83
National,ssp119 (medium confidence),95,2080,0.579,1.546356644E7,1.101974411E7,386129.44,1028372.22,3029320.94,3467.52
National,ssp119 (medium confidence),95,2090,0.674,1.797472017E7,1.300751291E7,418961.6,1172750.44,3375495.67,3805.32
National,ssp119 (medium confidence),95,2100,0.793,2.165388016E7,1.600264036E7,463220.1,1381174.09,3806845.61,4451.35
National,ssp119 (medium confidence),95,2110,0.891,2.478712335E7,1.856724197E7,500252.1,1558492.63,4161136.72,4493.03
National,ssp119 (medium confidence),95,2120,0.985,2.826709258E7,2.148748931E7,537689.15,1750204.92,4491708.97,4921.93
National,ssp119 (medium confidence),95,2130,1.074,3.189734028E7,2.458314993E7,574736.51,1946783.57,4792670.3,5346.55
National,ssp119 (medium confidence),95,2140,1.16,3.570783577E7,2.787240714E7,612219.68,2149953.72,5073255.44,5790.98
National,ssp119 (medium confidence),95,2150,1.247,3.989039704E7,3.151067605E7,651158.49,2369158.04,5359404.56,6227.7
National,ssp126 (low confidence),5,2030,0.028,5762134.12,3786399.92,220307.46,442128.58,1313298.17,2070.73
National,ssp126 (low confidence),5,2040,0.046,5973899.13,3935570.89,225312.93,455956.67,1357058.41,2100.17
National,ssp126 (low confidence),5,2050,0.089,6478805.84,4291924.67,237264.95,488707.26,1460909.21,2127.56
National,ssp126 (low confidence),5,2060,0.12,6887741.92,4584847.03,246072.08,514083.11,1542739.65,2261.0
National,ssp126 (low confidence),5,2070,0.159,7437596.28,4978283.11,257300.04,548189.79,1653823.33,2341.55
National,ssp126 (low confidence),5,2080,0.179,7718843.75,5180045.11,263055.11,565578.12,1710165.17,2352.79
National,ssp126 (low confidence),5,2090,0.202,8046050.88,5415636.02,269686.01,585607.47,1775121.42,2363.22
National,ssp126 (low confidence),5,2100,0.198,7986023.54,5371719.39,268522.75,582075.44,1763706.28,2359.63
National,ssp126 (low confidence),5,2110,0.221,8355050.33,5641171.44,275298.45,604061.75,1834518.71,2518.19
National,ssp126 (low confidence),5,2120,0.238,8632574.14,5842965.88,280324.77,620964.47,1888318.74,2571.11
National,ssp126 (low confidence),5,2130,0.252,8860753.13,6009149.81,284463.81,634771.74,1932367.97,2584.22
National,ssp126 (low confidence),5,2140,0.265,9072567.13,6163463.35,288305.36,647576.21,1973222.47,2589.0
National,ssp126 (low confidence),5,2150,0.278,9284272.54,6317776.9,292146.6,660359.99,2013989.0,2598.43
National,ssp126 (low confidence),17,2020,0.021,5679789.87,3728388.75,218360.49,436746.82,1296293.5,2050.36
National,ssp126 (low confidence),17,2030,0.055,6079724.38,4010156.6,227814.8,462834.97,1378917.9,2111.48
National,ssp126 (low confidence),17,2040,0.082,6396637.59,4233913.56,235319.23,483384.98,1444019.62,2126.98
National,ssp126 (low confidence),17,2050,0.129,7014707.43,4675639.85,248664.37,522020.79,1568382.39,2294.03
National,ssp126 (low confidence),17,2060,0.163,7493837.85,5018635.64,258451.23,551666.03,1665085.05,2342.97
National,ssp126 (low confidence),17,2070,0.209,8158435.11,5498727.98,271744.03,591962.11,1796001.06,2375.92
National,ssp126 (low confidence),17,2080,0.239,8648876.23,5854835.97,280620.39,621954.71,1891465.22,2572.91
National,ssp126 (low confidence),17,2090,0.272,9186554.14,6246555.31,290373.54,654465.11,1995159.95,2592.98
National,ssp126 (low confidence),17,2100,0.292,9512232.42,6483960.53,296283.46,674103.86,2057884.52,2600.43
National,ssp126 (low confidence),17,2110,0.322,1.004495408E7,6879845.62,305338.52,706150.4,2153619.68,2770.73
National,ssp126 (low confidence),17,2120,0.351,1.057772891E7,7276516.5,314170.49,738754.21,2248287.76,2832.56
National,ssp126 (low confidence),17,2130,0.376,1.103676764E7,7618474.12,321780.04,766680.75,2329832.7,2853.36
National,ssp126 (low confidence),17,2140,0.401,1.149776477E7,7962811.33,329394.2,794621.6,2410937.92,2863.99
National,ssp126 (low confidence),17,2150,0.425,1.200099607E7,8348201.24,336867.18,824385.93,2491542.26,3055.87
National,ssp126 (low confidence),50,2020,0.054,6067977.86,4001869.55,227537.12,462059.7,1376511.73,2111.41
National,ssp126 (low confidence),50,2030,0.101,6621547.22,4393173.04,240608.67,497849.09,1489916.79,2129.59
National,ssp126 (low confidence),50,2040,0.144,7226578.7,4826961.62,252982.22,535145.37,1611489.81,2324.48
National,ssp126 (low confidence),50,2050,0.201,8030079.82,5403765.87,269391.97,584708.71,1772213.01,2361.44
National,ssp126 (low confidence),50,2060,0.252,8860753.13,6009149.81,284463.81,634771.74,1932367.97,2584.22
National,ssp126 (low confidence),50,2070,0.311,9841876.58,6729384.12,301980.48,693510.58,2117001.4,2650.27
National,ssp126 (low confidence),50,2080,0.363,1.079792748E7,7440656.15,317823.15,752167.33,2287281.12,2840.9
National,ssp126 (low confidence),50,2090,0.417,1.183282814E7,8219737.85,334370.59,814202.47,2464517.31,3001.32
National,ssp126 (low confidence),50,2100,0.48,1.315617549E7,9231386.2,354000.12,893443.78,2677345.41,3135.52
National,ssp126 (low confidence),50,2110,0.555,1.489014771E7,1.057401218E7,378260.88,994888.96,2942985.42,3444.8
National,ssp126 (low confidence),50,2120,0.616,1.639788293E7,1.175521944E7,398614.03,1081903.88,3162145.42,3635.56
National,ssp126 (low confidence),50,2130,0.676,1.802915666E7,1.305069545E7,419662.59,1175861.78,3382936.85,3806.91
National,ssp126 (low confidence),50,2140,0.737,1.986289898E7,1.453715365E7,442051.02,1279555.07,3604138.93,4330.51
National,ssp126 (low confidence),50,2150,0.798,2.181377946E7,1.613348729E7,465109.74,1390221.99,3824960.16,4452.17
National,ssp126 (low confidence),83,2020,0.095,6549241.13,4341648.29,238932.41,493268.54,1475391.92,2128.05
National,ssp126 (low confidence),83,2030,0.165,7521972.49,5038811.83,259026.42,553406.34,1670727.74,2344.61
National,ssp126 (low confidence),83,2040,0.248,8795603.91,5961668.62,283281.78,630832.76,1919820.57,2582.1
National,ssp126 (low confidence),83,2050,0.341,1.039403658E7,7139733.37,311125.67,727569.22,2215608.34,2816.97
National,ssp126 (low confidence),83,2060,0.435,1.221131142E7,8508779.89,339982.75,837029.25,2525519.27,3090.05
National,ssp126 (low confidence),83,2070,0.533,1.436415553E7,1.016542522E7,371045.1,964114.13,2863571.59,3404.41
National,ssp126 (low confidence),83,2080,0.634,1.688796333E7,1.21438622E7,404933.4,1110358.55,3228809.18,3750.12
National,ssp126 (low confidence),83,2090,0.744,2.008687691E7,1.472033937E7,444698.04,1292306.99,3629532.47,4369.15
National,ssp126 (low confidence),83,2100,0.874,2.424363082E7,1.812236197E7,493828.08,1527745.71,4099694.8,4484.12
National,ssp126 (low confidence),83,2110,0.996,2.868020059E7,2.1834924E7,542094.26,1772915.07,4530267.09,4925.8
National,ssp126 (low confidence),83,2120,1.117,3.374805575E7,2.617530178E7,593162.43,2045294.24,4934297.26,5602.38
National,ssp126 (low confidence),83,2130,1.242,3.963927251E7,3.129157322E7,648899.86,2356085.87,5342713.33,6218.95
National,ssp126 (low confidence),83,2140,1.363,4.603395709E7,3.688594059E7,703932.03,2683603.47,5760480.77,6736.29
National,ssp126 (low confidence),83,2150,1.492,5.366513277E7,4.361744878E7,763639.53,3059969.77,6224074.7,7232.52
National,ssp126 (low confidence),95,2020,0.117,6845218.85,4554582.72,245208.18,511397.79,1534030.53,2238.3
National,ssp126 (low confidence),95,2030,0.204,8078086.33,5439376.71,270273.6,587414.54,1781021.7,2366.88
National,ssp126 (low confidence),95,2040,0.32,1.000814706E7,6852488.96,304728.05,703863.85,2147066.25,2762.17
National,ssp126 (low confidence),95,2050,0.444,1.240037212E7,8653301.23,342786.92,848334.85,2555948.82,3109.53
National,ssp126 (low confidence),95,2060,0.572,1.529631829E7,1.088973906E7,383834.45,1018605.84,3004139.12,3460.58
National,ssp126 (low confidence),95,2070,0.703,1.877552831E7,1.364739396E7,429197.49,1217893.41,3481043.71,3824.9
National,ssp126 (low confidence),95,2080,0.857,2.37001456E7,1.767748224E7,487404.37,1497017.4,4038241.8,4477.28
National,ssp126 (low confidence),95,2090,1.021,2.970019212E7,2.270531277E7,552497.81,1827583.43,4614797.85,5205.35
National,ssp126 (low confidence),95,2100,1.209,3.797958381E7,2.984549486E7,633985.73,2268833.81,5231269.36,5853.24
National,ssp126 (low confidence),95,2110,1.388,4.741553971E7,3.80973594E7,715377.67,2753554.92,5849247.44,6760.07
National,ssp126 (low confidence),95,2120,1.566,5.851002938E7,4.792429586E7,798313.76,3291416.21,6496003.64,7712.84
National,ssp126 (low confidence),95,2130,1.741,7.100471191E7,5.911034233E7,882053.82,3871409.24,7140906.18,8696.61
National,ssp126 (low confidence),95,2140,1.916,8.514711495E7,7.190546049E7,966922.16,4500567.68,7774164.37,9514.27
National,ssp126 (medium confidence),5,2030,0.028,5762134.12,3786399.92,220307.46,442128.58,1313298.17,2070.73
National,ssp126 (medium confidence),5,2040,0.046,5973899.13,3935570.89,225312.93,455956.67,1357058.41,2100.17
National,ssp126 (medium confidence),5,2050,0.089,6478805.83,4291924.67,237264.95,488707.26,1460909.21,2127.56
National,ssp126 (medium confidence),5,2060,0.12,6887741.92,4584847.03,246072.08,514083.11,1542739.65,2261.0
National,ssp126 (medium confidence),5,2070,0.159,7437596.28,4978283.11,257300.04,548189.79,1653823.33,2341.55
National,ssp126 (medium confidence),5,2080,0.179,7718843.75,5180045.11,263055.11,565578.12,1710165.17,2352.79
National,ssp126 (medium confidence),5,2090,0.202,8046050.88,5415636.02,269686.01,585607.47,1775121.42,2363.22
National,ssp126 (medium confidence),5,2100,0.198,7986023.54,5371719.39,268522.75,582075.44,1763706.28,2359.63
National,ssp126 (medium confidence),5,2110,0.221,8355050.33,5641171.44,275298.45,604061.75,1834518.71,2518.19
National,ssp126 (medium confidence),5,2120,0.238,8632574.14,5842965.88,280324.77,620964.47,1888318.77,2571.11
National,ssp126 (medium confidence),5,2130,0.252,8860753.13,6009149.81,284463.81,634771.74,1932367.97,2584.22
National,ssp126 (medium confidence),5,2140,0.265,9072567.13,6163463.35,288305.36,647576.21,1973222.47,2589.0
National,ssp126 (medium confidence),5,2150,0.278,9284272.54,6317776.9,292146.6,660359.99,2013989.0,2598.43
National,ssp126 (medium confidence),17,2020,0.021,5679789.87,3728388.75,218360.49,436746.82,1296293.5,2050.36
National,ssp126 (medium confidence),17,2030,0.055,6079724.38,4010156.6,227814.8,462834.97,1378917.9,2111.48
National,ssp126 (medium confidence),17,2040,0.082,6396637.59,4233913.56,235319.23,483384.98,1444019.62,2126.98
National,ssp126 (medium confidence),17,2050,0.129,7014707.43,4675639.85,248664.37,522020.79,1568382.39,2294.03
National,ssp126 (medium confidence),17,2060,0.163,7493837.85,5018635.64,258451.23,551666.03,1665085.05,2342.97
National,ssp126 (medium confidence),17,2070,0.209,8158435.11,5498727.98,271744.03,591962.11,1796001.06,2375.92
National,ssp126 (medium confidence),17,2080,0.239,8648876.23,5854835.97,280620.39,621954.71,1891465.22,2572.91
National,ssp126 (medium confidence),17,2090,0.272,9186554.14,6246555.31,290373.54,654465.11,1995159.95,2592.98
National,ssp126 (medium confidence),17,2100,0.292,9512232.42,6483960.53,296283.46,674103.86,2057884.52,2600.42
National,ssp126 (medium confidence),17,2110,0.322,1.004495408E7,6879845.62,305338.52,706150.4,2153619.68,2770.73
National,ssp126 (medium confidence),17,2120,0.351,1.057772891E7,7276516.5,314170.49,738754.21,2248287.76,2832.56
National,ssp126 (medium confidence),17,2130,0.376,1.103676764E7,7618474.12,321780.04,766680.75,2329832.7,2853.36
National,ssp126 (medium confidence),17,2140,0.401,1.149776477E7,7962811.33,329394.2,794621.6,2410937.92,2863.99
National,ssp126 (medium confidence),17,2150,0.425,1.200099607E7,8348201.24,336867.18,824385.93,2491542.04,3055.87
National,ssp126 (medium confidence),50,2020,0.051,6032755.1,3977007.4,226703.17,459768.51,1369275.62,2105.74
National,ssp126 (medium confidence),50,2030,0.096,6560974.25,4349935.57,239210.36,494027.83,1477800.42,2128.13
National,ssp126 (medium confidence),50,2040,0.136,7113342.52,4746256.49,250679.45,528157.86,1588248.77,2315.35
National,ssp126 (medium confidence),50,2050,0.192,7901654.88,5311190.75,266796.15,576858.95,1746808.89,2358.18
National,ssp126 (medium confidence),50,2060,0.238,8632574.14,5842965.88,280324.77,620964.47,1888318.74,2571.11
National,ssp126 (medium confidence),50,2070,0.297,9593654.35,6543312.04,297761.03,679024.45,2073556.78,2603.53
National,ssp126 (medium confidence),50,2080,0.347,1.05042983E7,7221803.35,312952.62,734274.72,2235267.69,2826.77
National,ssp126 (medium confidence),50,2090,0.398,1.144040233E7,7919396.97,328476.04,791229.57,2401299.42,2862.13
National,ssp126 (medium confidence),50,2100,0.46,1.273635382E7,8910227.71,347771.27,868417.47,2609937.08,3123.15
National,ssp126 (medium confidence),50,2110,0.531,1.431629624E7,1.012828082E7,370389.15,961302.07,2856324.24,3402.22
National,ssp126 (medium confidence),50,2120,0.584,1.558301198E7,1.111260473E7,387768.79,1035334.79,3047303.72,3469.16
National,ssp126 (medium confidence),50,2130,0.636,1.694232418E7,1.218704453E7,405634.91,1113487.04,3236157.7,3757.66
National,ssp126 (medium confidence),50,2140,0.686,1.830077339E7,1.326660799E7,423168.97,1191442.59,3419553.85,3812.44
National,ssp126 (medium confidence),50,2150,0.734,1.976689468E7,1.445864563E7,440916.18,1274045.28,3593288.07,4321.65
National,ssp126 (medium confidence),83,2020,0.084,6420112.39,4250488.2,235875.2,484904.1,1448845.14,2127.53
National,ssp126 (medium confidence),83,2030,0.143,7212423.27,4816873.44,252694.2,534277.65,1608577.8,2323.06
National,ssp126 (medium confidence),83,2040,0.202,8046050.88,5415636.02,269686.01,585607.47,1775121.42,2363.22
National,ssp126 (medium confidence),83,2050,0.274,9219111.85,6270295.79,290964.62,656426.64,2001424.96,2595.94
National,ssp126 (medium confidence),83,2060,0.34,1.037567848E7,7126055.26,310821.31,726454.91,2212347.21,2814.77
National,ssp126 (medium confidence),83,2070,0.422,1.193799899E7,8300027.42,335931.02,820592.02,2481448.79,3037.88
National,ssp126 (medium confidence),83,2080,0.504,1.367001175E7,9626832.71,361532.6,923597.84,2758048.79,3148.93
National,ssp126 (medium confidence),83,2090,0.585,1.560690923E7,1.113117705E7,388096.36,1036735.58,3050899.97,3469.2
National,ssp126 (medium confidence),83,2100,0.684,1.824645466E7,1.322342547E7,422468.02,1188323.97,3412237.29,3811.92
National,ssp126 (medium confidence),83,2110,0.804,2.200560985E7,1.629050394E7,467377.16,1401086.97,3846642.25,4457.22
National,ssp126 (medium confidence),83,2120,0.892,2.481909179E7,1.859341135E7,500630.21,1560299.59,4164750.91,4493.12
National,ssp126 (medium confidence),83,2130,0.977,2.796663467E7,2.123480939E7,534485.73,1733667.04,4463672.02,4919.15
National,ssp126 (medium confidence),83,2140,1.061,3.135854301E7,2.41225483E7,569283.48,1917650.09,4749061.35,5326.89
National,ssp126 (medium confidence),83,2150,1.144,3.497857956E7,2.724092589E7,605131.61,2111158.04,5021363.94,5770.27
National,ssp126 (medium confidence),95,2020,0.109,6731407.19,4473877.84,242901.13,504226.52,1510401.67,2144.24
National,ssp126 (medium confidence),95,2030,0.18,7732918.44,5190133.33,263342.89,566445.01,1712997.29,2352.79
National,ssp126 (medium confidence),95,2040,0.257,8942191.91,6068501.28,285941.11,639701.31,1948048.15,2584.97
National,ssp126 (medium confidence),95,2050,0.344,1.044907774E7,7180768.27,312039.19,730922.25,2225347.85,2823.93
National,ssp126 (medium confidence),95,2060,0.431,1.212731225E7,8444548.47,338736.52,831958.86,2512068.39,3079.88
National,ssp126 (medium confidence),95,2070,0.538,1.448373653E7,1.02582859E7,372685.76,971119.16,2881645.93,3418.67
National,ssp126 (medium confidence),95,2080,0.642,1.710539104E7,1.231659221E7,407740.14,1122866.55,3258192.14,3770.3
National,ssp126 (medium confidence),95,2090,0.749,2.024677981E7,1.485118637E7,446589.2,1301379.46,3647624.82,4384.95
National,ssp126 (medium confidence),95,2100,0.88,2.443544875E7,1.827937861E7,496095.44,1538595.32,4121379.57,4489.35
National,ssp126 (medium confidence),95,2110,1.01,2.92432237E7,2.231557287E7,547872.51,1802219.88,4577558.53,4978.09
National,ssp126 (medium confidence),95,2120,1.123,3.40216462E7,2.641210723E7,595823.13,2060057.22,4953658.76,5671.9
National,ssp126 (medium confidence),95,2130,1.232,3.913682073E7,3.085336783E7,644383.16,2329847.44,5309222.06,6191.45
National,ssp126 (medium confidence),95,2140,1.341,4.481731312E7,3.581989241E7,693858.02,2621958.67,5681604.04,6688.87
National,ssp126 (medium confidence),95,2150,1.451,5.117511612E7,4.141654722E7,744579.89,2938192.97,6075795.84,7188.23
National,ssp245 (medium confidence),5,2030,0.016,5620570.14,3686952.24,216967.95,432855.59,1283794.15,2011.41
National,ssp245 (medium confidence),5,2040,0.052,6044492.2,3985294.95,226981.08,460529.6,1371686.79,2108.82
National,ssp245 (medium confidence),5,2050,0.108,6717593.22,4463789.6,242614.47,503430.79,1507758.6,2138.5
National,ssp245 (medium confidence),5,2060,0.146,7254726.54,4847137.72,253558.28,536882.33,1617147.92,2330.57
National,ssp245 (medium confidence),5,2070,0.182,7761039.11,5210309.4,263918.57,568180.72,1718629.92,2353.1
National,ssp245 (medium confidence),5,2080,0.228,8469418.16,5724263.12,277368.23,611069.52,1856717.1,2543.82
National,ssp245 (medium confidence),5,2090,0.265,9072567.13,6163463.35,288305.36,647576.21,1973222.48,2589.0
National,ssp245 (medium confidence),5,2100,0.255,8909602.11,6044760.39,285350.31,637729.9,1941761.36,2584.48
National,ssp245 (medium confidence),5,2110,0.272,9186554.14,6246555.31,290373.54,654465.11,1995159.95,2592.98
National,ssp245 (medium confidence),5,2120,0.307,9768915.83,6674670.97,300765.59,689172.27,2104306.56,2621.52
National,ssp245 (medium confidence),5,2130,0.339,1.035731806E7,7112376.85,310516.74,725322.07,2209102.35,2814.37
National,ssp245 (medium confidence),5,2140,0.37,1.092644223E7,7536404.24,319953.89,759982.35,2310102.09,2846.41
National,ssp245 (medium confidence),5,2150,0.399,1.145874866E7,7933074.99,328780.63,792346.32,2404546.85,2862.13
National,ssp245 (medium confidence),17,2020,0.011,5561088.2,3645515.76,215574.28,428888.05,1271109.65,1958.44
National,ssp245 (medium confidence),17,2030,0.048,5997485.68,3952145.48,225869.1,457474.24,1361996.89,2102.92
National,ssp245 (medium confidence),17,2040,0.088,6467071.22,4283637.12,236986.94,487946.21,1458500.97,2127.56
National,ssp245 (medium confidence),17,2050,0.146,7254726.54,4847137.72,253558.28,536882.33,1617147.92,2330.57
National,ssp245 (medium confidence),17,2060,0.19,7873534.21,5291014.31,266220.68,575122.75,1741176.51,2356.71
National,ssp245 (medium confidence),17,2070,0.239,8648876.23,5854836.19,280620.39,621954.71,1891465.22,2572.91
National,ssp245 (medium confidence),17,2080,0.296,9577360.44,6531441.72,297465.46,678029.57,2070423.43,2603.49
National,ssp245 (medium confidence),17,2090,0.349,1.054099707E7,7249159.79,313561.92,736513.46,2241761.75,2828.64
National,ssp245 (medium confidence),17,2100,0.369,1.090809901E7,7522726.09,319649.31,758865.53,2306858.08,2843.52
National,ssp245 (medium confidence),17,2110,0.395,1.138535474E7,7878361.85,327563.14,787872.82,2391556.67,2859.71
National,ssp245 (medium confidence),17,2120,0.441,1.233737346E7,8605127.49,341852.56,844562.42,2545831.0,3104.51
National,ssp245 (medium confidence),17,2130,0.486,1.328209578E7,9327733.47,355868.88,900944.07,2697549.38,3137.34
National,ssp245 (medium confidence),17,2140,0.531,1.431629624E7,1.012828082E7,370389.15,961302.07,2856324.24,3402.22
National,ssp245 (medium confidence),17,2150,0.573,1.532020703E7,1.090831131E7,384162.32,1019998.03,3007735.51,3461.15
National,ssp245 (medium confidence),50,2020,0.049,6009263.5,3960433.04,226147.35,458245.57,1364437.97,2103.13
National,ssp245 (medium confidence),50,2030,0.094,6537477.94,4333361.24,238654.65,492509.29,1472953.28,2127.9
National,ssp245 (medium confidence),50,2040,0.143,7212423.27,4816873.44,252694.2,534277.65,1608577.8,2323.06
National,ssp245 (medium confidence),50,2050,0.209,8158435.11,5498727.98,271744.03,591962.11,1796001.06,2375.92
National,ssp245 (medium confidence),50,2060,0.266,9088849.86,6175333.71,288600.7,648558.01,1976357.48,2589.03
National,ssp245 (medium confidence),50,2070,0.338,1.033897731E7,7098698.28,310212.38,724196.72,2205869.77,2812.43
National,ssp245 (medium confidence),50,2080,0.418,1.185388528E7,8235795.78,334682.66,815470.96,2467935.88,3007.57
National,ssp245 (medium confidence),50,2090,0.494,1.345000008E7,9456196.58,358360.17,910955.05,2724488.34,3143.25
National,ssp245 (medium confidence),50,2100,0.562,1.505739859E7,1.070401746E7,380555.8,1004648.64,2968176.6,3451.85
National,ssp245 (medium confidence),50,2110,0.643,1.713253936E7,1.23381835E7,408090.66,1124424.23,3261840.72,3772.96
National,ssp245 (medium confidence),50,2120,0.72,1.931823802E7,1.40922737E7,435615.63,1248146.32,3542202.61,4185.9
National,ssp245 (medium confidence),50,2130,0.796,2.17498394E7,1.608114837E7,464353.73,1386603.62,3817733.42,4452.08
National,ssp245 (medium confidence),50,2140,0.872,2.4179684E7,1.807002332E7,493072.65,1524129.51,4092458.59,4482.41
National,ssp245 (medium confidence),50,2150,0.946,2.6802156E7,2.025567544E7,522071.62,1669572.71,4354836.53,4889.63
National,ssp245 (medium confidence),83,2020,0.089,6478805.83,4291924.67,237264.95,488707.26,1460909.21,2127.56
National,ssp245 (medium confidence),83,2030,0.145,7240640.53,4837049.53,253270.27,536013.68,1614307.2,2330.11
National,ssp245 (medium confidence),83,2040,0.209,8158435.11,5498727.98,271744.03,591962.11,1796001.06,2375.92
National,ssp245 (medium confidence),83,2050,0.292,9512232.42,6483960.53,296283.46,674103.86,2057884.52,2600.42
National,ssp245 (medium confidence),83,2060,0.372,1.096316546E7,7563760.68,320562.51,762214.54,2316627.47,2848.15
National,ssp245 (medium confidence),83,2070,0.478,1.311417957E7,9199270.11,353377.31,890943.06,2670589.08,3134.32
National,ssp245 (medium confidence),83,2080,0.593,1.579802776E7,1.127975423E7,390719.41,1047881.94,3079672.19,3471.73
National,ssp245 (medium confidence),83,2090,0.711,1.90286042E7,1.385674926E7,432195.71,1230866.3,3508792.82,3914.02
National,ssp245 (medium confidence),83,2100,0.831,2.286890835E7,1.699707769E7,477579.71,1449977.93,3944273.09,4472.47
National,ssp245 (medium confidence),83,2110,0.969,2.766614717E7,2.09821298E7,531282.64,1717128.78,4435605.79,4915.39
National,ssp245 (medium confidence),83,2120,1.091,3.260190821E7,2.518547495E7,581867.26,1984874.68,4849691.1,5359.89
National,ssp245 (medium confidence),83,2130,1.211,3.808003435E7,2.993313588E7,634889.23,2274029.77,5237979.47,5898.12
National,ssp245 (medium confidence),83,2140,1.33,4.420950392E7,3.528686829E7,688819.82,2591080.5,5642735.6,6648.12
National,ssp245 (medium confidence),83,2150,1.449,5.105367993E7,4.130918605E7,743650.23,2932258.06,6068585.59,7184.7
National,ssp245 (medium confidence),95,2020,0.119,6873658.42,4574758.79,245783.99,513195.08,1539920.04,2251.81
National,ssp245 (medium confidence),95,2030,0.185,7803224.37,5240573.79,264781.75,570785.0,1727083.54,2354.69
National,ssp245 (medium confidence),95,2040,0.263,9039954.9,6139722.87,287714.22,645611.31,1966906.66,2587.39
National,ssp245 (medium confidence),95,2050,0.361,1.076124841E7,7413299.44,317214.23,749938.18,2280796.34,2840.33
National,ssp245 (medium confidence),95,2060,0.465,1.284133586E7,8990517.64,349328.57,874686.17,2626803.89,3126.28
National,ssp245 (medium confidence),95,2070,0.597,1.589361965E7,1.135404298E7,392030.89,1053465.36,3094080.58,3472.35
National,ssp245 (medium confidence),95,2080,0.744,2.008687691E7,1.472033937E7,444698.04,1292306.99,3629532.47,4369.15
National,ssp245 (medium confidence),95,2090,0.888,2.469121558E7,1.84887337E7,499118.23,1553068.9,4150294.27,4491.23
National,ssp245 (medium confidence),95,2100,1.055,3.110987695E7,2.39099629E7,566766.42,1904207.8,4728939.22,5318.09
National,ssp245 (medium confidence),95,2110,1.218,3.843282003E7,3.02398797E7,638056.91,2292819.65,5262063.28,6066.58
National,ssp245 (medium confidence),95,2120,1.371,4.647607787E7,3.727359446E7,707594.6,2706001.85,5788886.42,6749.04
National,ssp245 (medium confidence),95,2130,1.525,5.580159726E7,4.551560595E7,779079.13,3161908.37,6345003.74,7602.53
National,ssp245 (medium confidence),95,2140,1.678,6.63055384E7,5.488758766E7,851704.75,3656336.48,6909909.58,8241.41
National,ssp245 (medium confidence),95,2150,1.83,7.797977278E7,6.5405056E7,925094.95,4185568.02,7464053.93,9153.07
National,ssp370 (medium confidence),5,2030,0.031,5797336.58,3811261.83,221141.54,444452.4,1320481.09,2075.53
National,ssp370 (medium confidence),5,2040,0.063,6173608.04,4076455.04,230038.6,468934.58,1398179.83,2117.86
National,ssp370 (medium confidence),5,2050,0.107,6703890.84,4453701.71,242327.61,502611.12,1505250.14,2137.08
National,ssp370 (medium confidence),5,2060,0.166,7536029.79,5048899.95,259314.38,554272.29,1673543.38,2344.86
National,ssp370 (medium confidence),5,2070,0.227,8453128.95,5712393.03,277072.84,610080.51,1853582.68,2539.43
National,ssp370 (medium confidence),5,2080,0.278,9284272.54,6317776.9,292146.6,660359.99,2013989.0,2598.43
National,ssp370 (medium confidence),5,2090,0.347,1.05042983E7,7221803.35,312952.62,734274.72,2235267.69,2826.77
National,ssp370 (medium confidence),5,2100,0.392,1.133031866E7,7837327.0,326649.91,784527.8,2381813.99,2859.54
National,ssp370 (medium confidence),5,2110,0.391,1.131196229E7,7823648.61,326345.53,783412.79,2378555.31,2858.2
National,ssp370 (medium confidence),5,2120,0.449,1.250532717E7,8733590.88,344345.42,854608.17,2572782.71,3117.34
National,ssp370 (medium confidence),5,2130,0.506,1.371696394E7,9663977.07,362184.76,926176.82,2764625.56,3156.7
National,ssp370 (medium confidence),5,2140,0.56,1.500962018E7,1.066687313E7,379900.2,1001868.48,2960978.16,3450.96
National,ssp370 (medium confidence),5,2150,0.612,1.628876266E7,1.16688543E7,397206.98,1075416.47,3147284.96,3553.56
National,ssp370 (medium confidence),17,2020,0.017,5632526.79,3695239.55,217246.8,433621.89,1286418.27,2020.32
National,ssp370 (medium confidence),17,2030,0.056,6091465.64,4018443.88,228092.86,463599.28,1381329.79,2111.55
National,ssp370 (medium confidence),17,2040,0.095,6549241.13,4341648.29,238932.41,493268.54,1475391.92,2128.05
National,ssp370 (medium confidence),17,2050,0.148,7282872.1,4867313.92,254134.16,538621.49,1622802.32,2331.15
National,ssp370 (medium confidence),17,2060,0.209,8158435.11,5498727.98,271744.03,591962.11,1796001.06,2375.92
National,ssp370 (medium confidence),17,2070,0.282,9349393.05,6365258.06,293328.6,664285.81,2026520.5,2599.08
National,ssp370 (medium confidence),17,2080,0.349,1.054099707E7,7249159.79,313561.92,736513.46,2241761.75,2828.64
National,ssp370 (medium confidence),17,2090,0.431,1.212731225E7,8444548.47,338736.52,831958.86,2512068.39,3079.88
National,ssp370 (medium confidence),17,2100,0.505,1.369344629E7,9645404.78,361858.56,924886.09,2761296.59,3152.27
National,ssp370 (medium confidence),17,2110,0.523,1.412448159E7,9979703.41,367764.25,950034.56,2826979.06,3355.6
National,ssp370 (medium confidence),17,2120,0.6,1.596528539E7,1.140975924E7,393014.36,1057641.41,3104870.39,3472.39
National,ssp370 (medium confidence),17,2130,0.675,1.800187333E7,1.302910396E7,419312.35,1174305.6,3379151.7,3805.51
National,ssp370 (medium confidence),17,2140,0.749,2.024677981E7,1.485118637E7,446589.2,1301379.46,3647624.82,4384.95
National,ssp370 (medium confidence),17,2150,0.819,2.248519942E7,1.668304468E7,473045.2,1428238.29,3900871.22,4467.05
National,ssp370 (medium confidence),50,2020,0.048,5997485.68,3952145.48,225869.1,457474.24,1361996.89,2102.92
National,ssp370 (medium confidence),50,2030,0.093,6525744.85,4325073.69,238376.36,491749.44,1470544.78,2127.9
National,ssp370 (medium confidence),50,2040,0.144,7226578.7,4826961.62,252982.22,535145.37,1611489.81,2324.48
National,ssp370 (medium confidence),50,2050,0.216,8273533.01,5581819.9,273817.91,599023.04,1818871.89,2481.1
National,ssp370 (medium confidence),50,2060,0.286,9414525.22,6412739.02,294510.59,668212.31,2039063.03,2599.91
National,ssp370 (medium confidence),50,2070,0.377,1.105511189E7,7632152.25,322084.33,767794.98,2333080.09,2853.36
National,ssp370 (medium confidence),50,2080,0.474,1.30302427E7,9135038.59,352131.61,885945.63,2657127.14,3134.04
National,ssp370 (medium confidence),50,2090,0.581,1.551134578E7,1.105688826E7,386785.12,1031157.69,3036514.53,3467.56
National,ssp370 (medium confidence),50,2100,0.71,1.899630878E7,1.383057997E7,431813.47,1228865.91,3505049.47,3853.96
National,ssp370 (medium confidence),50,2110,0.799,2.184574807E7,1.615965667E7,465487.61,1392029.93,3828573.85,4453.53
National,ssp370 (medium confidence),50,2120,0.918,2.574962679E7,1.937129605E7,510852.54,1611277.29,4256200.62,4760.77
National,ssp370 (medium confidence),50,2130,1.036,3.03221777E7,2.3236776E7,558793.79,1861473.89,4665134.28,5282.17
National,ssp370 (medium confidence),50,2140,1.152,3.534331642E7,2.755666662E7,608675.98,2130590.58,5047383.01,5786.84
National,ssp370 (medium confidence),50,2150,1.262,4.064391657E7,3.21679845E7,657931.36,2408377.91,5409622.53,6258.51
National,ssp370 (medium confidence),83,2020,0.08,6373170.58,4217338.96,234763.45,481864.38,1439204.01,2126.48
National,ssp370 (medium confidence),83,2030,0.137,7127634.83,4756344.72,250967.16,529042.65,1591280.05,2316.75
National,ssp370 (medium confidence),83,2040,0.207,8126409.12,5474987.46,271155.62,590145.6,1790120.61,2371.78
National,ssp370 (medium confidence),83,2050,0.303,9696679.83,6619957.96,299554.89,685053.24,2092114.26,2616.37
National,ssp370 (medium confidence),83,2060,0.393,1.134866543E7,7851005.33,326954.45,785643.97,2385061.57,2859.59
National,ssp370 (medium confidence),83,2070,0.517,1.398082142E7,9868270.43,365794.25,941533.64,2805222.53,3305.15
National,ssp370 (medium confidence),83,2080,0.655,1.745849634E7,1.259727886E7,412299.63,1143129.25,3305788.89,3789.16
National,ssp370 (medium confidence),83,2090,0.806,2.206955181E7,1.634284267E7,468132.66,1404707.49,3853869.05,4460.67
National,ssp370 (medium confidence),83,2100,0.998,2.875531267E7,2.18980941E7,542894.87,1777047.04,4537276.67,4927.32
National,ssp370 (medium confidence),83,2110,1.155,3.547996488E7,2.767506941E7,610004.94,2137844.12,5057046.42,5789.38
National,ssp370 (medium confidence),83,2120,1.329,4.415425859E7,3.523841151E7,688361.8,2588280.88,5639204.17,6645.17
National,ssp370 (medium confidence),83,2130,1.504,5.441402991E7,4.428188712E7,769224.92,3095605.42,6267312.25,7252.85
National,ssp370 (medium confidence),83,2140,1.675,6.609208715E7,5.469659366E7,850264.48,3646416.55,6898812.38,8239.45
National,ssp370 (medium confidence),83,2150,1.844,7.913095784E7,6.644740087E7,931894.66,4236678.71,7514983.59,9199.91
National,ssp370 (medium confidence),95,2020,0.105,6676501.02,4433525.29,241754.21,501011.76,1500209.52,2133.03
National,ssp370 (medium confidence),95,2030,0.172,7620418.38,5109428.66,261041.04,559496.14,1690453.03,2349.21
National,ssp370 (medium confidence),95,2040,0.259,8974769.72,6092241.76,286532.23,641675.88,1954320.04,2586.64
National,ssp370 (medium confidence),95,2050,0.376,1.103676764E7,7618474.12,321780.04,766680.75,2329832.7,2853.36
National,ssp370 (medium confidence),95,2060,0.488,1.332406987E7,9359849.36,356491.63,903449.05,2704279.83,3138.9
National,ssp370 (medium confidence),95,2070,0.642,1.710539104E7,1.231659221E7,407740.14,1122866.55,3258192.14,3770.3
National,ssp370 (medium confidence),95,2080,0.815,2.235730162E7,1.657836704E7,471533.56,1420989.94,3886410.53,4463.22
National,ssp370 (medium confidence),95,2090,1.007,2.911939488E7,2.220928017E7,546618.27,1795859.51,4567636.69,4959.7
National,ssp370 (medium confidence),95,2100,1.251,4.009145571E7,3.168595849E7,652964.7,2379616.82,5372915.63,6237.07
National,ssp370 (medium confidence),95,2110,1.44,5.050706041E7,4.082606133E7,739464.52,2905448.96,6036085.56,7168.27
National,ssp370 (medium confidence),95,2120,1.655,6.46689324E7,5.342330084E7,840663.32,3580157.04,6824811.24,8205.91
National,ssp370 (medium confidence),95,2130,1.875,8.167877519E7,6.875545008E7,946944.69,4349700.56,7626679.91,9250.71
National,ssp585 (low confidence),5,2030,0.046,5973899.13,3935570.89,225312.93,455956.67,1357058.41,2100.17
National,ssp585 (low confidence),5,2040,0.075,6314506.29,4175902.37,233373.76,478065.6,1427163.97,2124.38
National,ssp585 (low confidence),5,2050,0.122,6916077.82,4605023.2,246648.07,515889.8,1548516.82,2270.76
National,ssp585 (low confidence),5,2060,0.181,7746977.57,5200221.56,263630.62,567312.29,1715813.2,2352.82
National,ssp585 (low confidence),5,2070,0.243,8714202.19,5902317.38,281803.47,625916.06,1904165.16,2578.86
National,ssp585 (low confidence),5,2080,0.312,9860567.62,6743062.53,302286.38,694682.43,2120536.49,2665.52
National,ssp585 (low confidence),5,2090,0.414,1.176939536E7,8171564.06,333433.58,810426.77,2453970.95,2964.5
National,ssp585 (low confidence),5,2100,0.484,1.324012541E7,9295617.64,355246.08,898442.51,2690819.11,3136.69
National,ssp585 (low confidence),5,2110,0.478,1.311417957E7,9199270.11,353377.31,890943.06,2670589.08,3134.32
National,ssp585 (low confidence),5,2120,0.554,1.486624407E7,1.055544035E7,377933.0,993481.09,2939389.3,3443.46
National,ssp585 (low confidence),5,2130,0.624,1.66161226E7,1.192794947E7,401425.05,1094654.45,3192093.68,3707.86
National,ssp585 (low confidence),5,2140,0.691,1.843658074E7,1.337456416E7,424922.34,1199236.72,3437857.5,3813.06
National,ssp585 (low confidence),5,2150,0.75,2.027875698E7,1.487735601E7,446967.17,1303200.91,3651233.41,4387.28
National,ssp585 (low confidence),17,2020,0.02,5667820.82,3720101.48,218082.31,435972.5,1293664.27,2046.98
National,ssp585 (low confidence),17,2030,0.068,6232275.32,4117891.55,231428.29,472733.6,1410221.93,2122.68
National,ssp585 (low confidence),17,2040,0.108,6717593.22,4463789.6,242614.47,503430.79,1507758.6,2138.5
National,ssp585 (low confidence),17,2050,0.163,7493837.85,5018635.64,258451.23,551666.03,1665085.05,2342.97
National,ssp585 (low confidence),17,2060,0.229,8485695.79,5736133.49,277664.33,612065.95,1859831.96,2548.45
National,ssp585 (low confidence),17,2070,0.307,9768915.83,6674670.97,300765.59,689172.27,2104306.56,2621.52
National,ssp585 (low confidence),17,2080,0.389,1.12752717E7,7796292.18,325736.69,781182.15,2372060.75,2857.75
National,ssp585 (low confidence),17,2090,0.499,1.355493119E7,9536486.2,359917.42,917211.7,2741315.82,3143.47
National,ssp585 (low confidence),17,2100,0.604,1.60726621E7,1.149612429E7,394408.73,1063381.76,3118746.89,3489.6
National,ssp585 (low confidence),17,2110,0.621,1.653434435E7,1.186317589E7,400370.05,1089830.37,3180968.36,3683.97
National,ssp585 (low confidence),17,2120,0.713,1.909313799E7,1.390908776E7,432959.19,1234856.48,3516234.09,3992.62
National,ssp585 (low confidence),17,2130,0.8,2.187773161E7,1.61858263E7,465865.79,1393852.44,3832187.98,4454.87
National,ssp585 (low confidence),17,2140,0.879,2.440348009E7,1.825320926E7,495717.6,1536788.11,4117765.34,4488.01
National,ssp585 (low confidence),17,2150,0.954,2.710264633E7,2.050835515E7,525276.22,1686119.64,4382895.39,4902.3
National,ssp585 (low confidence),50,2020,0.054,6067977.86,4001869.55,227537.12,462059.7,1376511.73,2111.41
National,ssp585 (low confidence),50,2030,0.105,6676501.02,4433525.29,241754.2,501011.76,1500209.52,2133.03
National,ssp585 (low confidence),50,2040,0.167,7550093.5,5058988.18,259602.11,555144.42,1676359.0,2344.92
National,ssp585 (low confidence),50,2050,0.246,8763051.29,5937928.22,282690.28,628872.27,1913560.52,2581.37
National,ssp585 (low confidence),50,2060,0.335,1.028387257E7,7057663.7,309298.87,720825.05,2196085.31,2808.23
National,ssp585 (low confidence),50,2070,0.451,1.254743504E7,8765706.65,344968.49,857118.02,2579642.1,3119.38
National,ssp585 (low confidence),50,2080,0.585,1.560690923E7,1.113117705E7,388096.36,1036735.58,3050899.97,3469.2
National,ssp585 (low confidence),50,2090,0.755,2.04386243E7,1.500820298E7,448856.86,1312282.49,3669282.03,4397.56
National,ssp585 (low confidence),50,2100,0.958,2.725288219E7,2.063469509E7,526877.79,1694398.6,4396910.73,4905.84
National,ssp585 (low confidence),50,2110,1.146,3.506968288E7,2.73198612E7,606017.7,2116009.67,5027794.5,5772.2
National,ssp585 (low confidence),50,2120,1.368,4.63102911E7,3.712822441E7,706221.37,2697610.88,5778234.38,6745.95
National,ssp585 (low confidence),50,2130,1.614,6.175023656E7,5.081305056E7,820968.34,3443695.94,6672522.06,7940.03
National,ssp585 (low confidence),50,2140,1.883,8.233624899E7,6.935107584E7,950828.24,4378826.58,7655518.39,9256.02
National,ssp585 (low confidence),83,2020,0.094,6537477.94,4333361.24,238654.65,492509.29,1472953.28,2127.9
National,ssp585 (low confidence),83,2030,0.17,7592271.9,5089252.58,260465.32,557748.88,1684805.47,2347.74
National,ssp585 (low confidence),83,2040,0.287,9430819.66,6424609.34,294805.94,669193.44,2042211.02,2599.94
National,ssp585 (low confidence),83,2050,0.433,1.216930061E7,8476664.36,339359.64,834483.06,2518793.3,3084.44
National,ssp585 (low confidence),83,2060,0.616,1.639788293E7,1.175521944E7,398614.03,1081903.88,3162145.42,3635.56
National,ssp585 (low confidence),83,2070,0.853,2.357226759E7,1.75728046E7,485892.89,1489784.11,4023785.94,4476.43
National,ssp585 (low confidence),83,2080,1.123,3.40216462E7,2.641210723E7,595823.13,2060057.22,4953658.76,5671.9
National,ssp585 (low confidence),83,2090,1.437,5.032475303E7,4.066501971E7,738069.5,2896469.08,6025194.55,7159.44
National,ssp585 (low confidence),83,2100,1.783,7.421564141E7,6.200130747E7,902330.23,4017652.4,7294351.33,8755.07
National,ssp585 (low confidence),95,2020,0.116,6830920.22,4544494.49,244919.54,510511.21,1530994.99,2232.55
National,ssp585 (low confidence),95,2030,0.22,8338712.1,5629301.06,275002.82,603048.18,1831360.31,2513.25
National,ssp585 (low confidence),95,2040,0.391,1.131196229E7,7823648.61,326345.53,783412.79,2378555.31,2858.2
National,ssp585 (low confidence),95,2050,0.598,1.591750776E7,1.137261481E7,392358.49,1054857.14,3097677.39,3472.39
National,ssp585 (low confidence),95,2060,0.841,2.31886164E7,1.725877168E7,481358.49,1468068.82,3980417.43,4475.21
National,ssp585 (low confidence),95,2070,1.161,3.575338348E7,2.791187482E7,612662.53,2152368.19,5076477.89,5793.21
National,ssp585 (low confidence),95,2080,1.557,5.791560515E7,4.739555892E7,794092.38,3263077.21,6462876.6,7703.5
National,ssp585 (medium confidence),5,2030,0.046,5973899.13,3935570.89,225312.93,455956.67,1357058.41,2100.17
National,ssp585 (medium confidence),5,2040,0.077,6337971.5,4192477.09,233929.46,479584.81,1431979.89,2124.38
National,ssp585 (medium confidence),5,2050,0.124,6944213.41,4625199.55,247224.28,517661.52,1554127.77,2279.4
National,ssp585 (medium confidence),5,2060,0.184,7789162.35,5230485.86,264494.02,569915.13,1724267.62,2354.69
National,ssp585 (medium confidence),5,2070,0.243,8714202.19,5902317.38,281803.47,625916.06,1904165.16,2578.86
National,ssp585 (medium confidence),5,2080,0.312,9860567.62,6743062.53,302286.38,694682.43,2120536.49,2665.52
National,ssp585 (medium confidence),5,2090,0.414,1.176939536E7,8171564.06,333433.58,810426.77,2453970.95,2964.5
National,ssp585 (medium confidence),5,2100,0.484,1.324012541E7,9295617.64,355246.08,898442.51,2690819.11,3136.69
National,ssp585 (medium confidence),5,2110,0.478,1.311417957E7,9199270.11,353377.31,890943.06,2670589.08,3134.32
National,ssp585 (medium confidence),5,2120,0.554,1.486624407E7,1.055544035E7,377933.0,993481.09,2939389.3,3443.46
National,ssp585 (medium confidence),5,2130,0.624,1.66161226E7,1.192794947E7,401425.05,1094654.45,3192093.68,3707.86
National,ssp585 (medium confidence),5,2140,0.691,1.843658074E7,1.337456416E7,424922.34,1199236.72,3437857.5,3813.06
National,ssp585 (medium confidence),5,2150,0.75,2.027875698E7,1.487735601E7,446967.17,1303200.91,3651233.41,4387.28
National,ssp585 (medium confidence),17,2020,0.02,5667820.82,3720101.48,218082.31,435972.5,1293664.27,2046.98
National,ssp585 (medium confidence),17,2030,0.068,6232275.32,4117891.55,231428.29,472733.6,1410221.93,2122.68
National,ssp585 (medium confidence),17,2040,0.11,6745213.76,4483965.77,243188.07,505029.95,1513029.66,2146.39
National,ssp585 (medium confidence),17,2050,0.167,7550093.5,5058988.18,259602.11,555144.42,1676359.0,2344.92
National,ssp585 (medium confidence),17,2060,0.234,8567195.9,5795484.72,279142.62,617016.61,1875551.89,2560.7
National,ssp585 (medium confidence),17,2070,0.307,9768915.83,6674670.97,300765.59,689172.27,2104306.56,2621.52
National,ssp585 (medium confidence),17,2080,0.389,1.12752717E7,7796292.18,325736.69,781182.15,2372060.75,2857.75
National,ssp585 (medium confidence),17,2090,0.499,1.355493119E7,9536486.2,359917.42,917211.7,2741315.82,3143.4
National,ssp585 (medium confidence),17,2100,0.604,1.60726621E7,1.149612429E7,394408.73,1063381.76,3118746.89,3489.6
National,ssp585 (medium confidence),17,2110,0.621,1.653434435E7,1.186317589E7,400370.05,1089830.37,3180968.36,3683.97
National,ssp585 (medium confidence),17,2120,0.713,1.909313799E7,1.390908776E7,432959.19,1234856.48,3516234.09,3992.62
National,ssp585 (medium confidence),17,2130,0.8,2.187773161E7,1.61858263E7,465865.79,1393852.44,3832187.98,4454.87
National,ssp585 (medium confidence),17,2140,0.879,2.440348009E7,1.825320926E7,495717.6,1536788.11,4117765.34,4488.01
National,ssp585 (medium confidence),17,2150,0.954,2.710264633E7,2.050835515E7,525276.22,1686119.64,4382895.39,4902.3
National,ssp585 (medium confidence),50,2020,0.05,6021023.06,3968720.35,226425.42,459007.55,1366870.1,2103.13
National,ssp585 (medium confidence),50,2030,0.102,6635253.42,4403260.96,240894.85,498632.01,1492465.57,2130.95
National,ssp585 (medium confidence),50,2040,0.162,7479776.72,5008547.44,258163.46,550796.65,1662269.51,2342.65
National,ssp585 (medium confidence),50,2050,0.237,8616287.47,5831095.78,280029.11,619973.08,1885189.53,2567.91
National,ssp585 (medium confidence),50,2060,0.316,9934120.77,6797775.69,303508.01,699323.79,2133513.28,2718.44
National,ssp585 (medium confidence),50,2070,0.418,1.185388528E7,8235795.78,334682.66,815470.96,2467935.88,3007.57
National,ssp585 (medium confidence),50,2080,0.528,1.424448788E7,1.00725643E7,369404.77,957085.63,2845432.89,3387.77
National,ssp585 (medium confidence),50,2090,0.664,1.770310872E7,1.279160038E7,415455.24,1157173.14,3338880.54,3795.47
National,ssp585 (medium confidence),50,2100,0.823,2.261307896E7,1.678772232E7,474556.58,1435469.2,3915330.53,4469.8
National,ssp585 (medium confidence),50,2110,0.928,2.61257308E7,1.96871458E7,514860.67,1632223.18,4291500.93,4830.8
National,ssp585 (medium confidence),50,2120,1.061,3.135854301E7,2.41225483E7,569283.48,1917650.09,4749061.35,5326.89
National,ssp585 (medium confidence),50,2130,1.19,3.707477749E7,2.905643426E7,625508.42,2222556.32,5170278.77,5814.7
National,ssp585 (medium confidence),50,2140,1.31,4.310145888E7,3.431773305E7,679645.64,2533977.85,5570102.21,6333.89
National,ssp585 (medium confidence),50,2150,1.425,4.959572396E7,4.002085338E7,732488.72,2860674.94,5981706.92,7109.4
National,ssp585 (medium confidence),83,2020,0.083,6408369.63,4242200.89,235597.41,484144.2,1446427.31,2127.17
National,ssp585 (medium confidence),83,2030,0.143,7212423.27,4816873.44,252694.2,534277.65,1608577.8,2323.06
National,ssp585 (medium confidence),83,2040,0.227,8453128.95,5712393.03,277072.84,610080.51,1853582.68,2539.43
National,ssp585 (medium confidence),83,2050,0.328,1.015527624E7,6961915.61,307166.4,712953.0,2173241.46,2794.92
National,ssp585 (medium confidence),83,2060,0.433,1.216930061E7,8476664.36,339359.64,834483.06,2518793.3,3084.44
National,ssp585 (medium confidence),83,2070,0.578,1.543967784E7,1.100117201E7,385801.67,1026979.81,3025724.6,3466.26
National,ssp585 (medium confidence),83,2080,0.733,1.973490849E7,1.443247601E7,440537.94,1272210.1,3589684.72,4319.18
National,ssp585 (medium confidence),83,2090,0.918,2.574962679E7,1.937129605E7,510852.54,1611277.29,4256200.62,4760.77
National,ssp585 (medium confidence),83,2100,1.144,3.497857956E7,2.724092589E7,605131.61,2111158.04,5021363.94,5770.27
National,ssp585 (medium confidence),83,2110,1.343,4.492783488E7,3.591680593E7,694774.04,2627586.88,5688668.06,6696.95
National,ssp585 (medium confidence),83,2120,1.539,5.672657385E7,4.63380855E7,785648.28,3206250.64,6396589.65,7672.09
National,ssp585 (medium confidence),83,2130,1.733,7.039301524E7,5.85596823E7,878190.67,3843418.08,7111724.47,8669.33
National,ssp585 (medium confidence),83,2140,1.919,8.541284566E7,7.214708832E7,968398.5,4512171.99,7785186.85,9574.51
National,ssp585 (medium confidence),95,2020,0.107,6703890.84,4453701.71,242327.61,502611.12,1505250.14,2137.08
National,ssp585 (medium confidence),95,2030,0.177,7690722.69,5159868.92,262479.91,563840.21,1704533.38,2352.76
National,ssp585 (medium confidence),95,2040,0.28,9316833.28,6341517.38,292737.8,662323.48,2020254.63,2598.53
National,ssp585 (medium confidence),95,2050,0.405,1.158082389E7,8027042.75,330632.67,799268.47,2423879.76,2873.16
National,ssp585 (medium confidence),95,2060,0.535,1.441197577E7,1.020256938E7,371701.21,966909.32,2870795.58,3409.68
National,ssp585 (medium confidence),95,2070,0.715,1.915757069E7,1.396142668E7,433718.0,1238679.87,3523745.92,4066.78
National,ssp585 (medium confidence),95,2080,0.91,2.544842167E7,1.911861636E7,507639.81,1594167.4,4227997.99,4540.92
National,ssp585 (medium confidence),95,2090,1.142,3.488745297E7,2.71619908E7,604244.99,2106313.52,5014903.48,5763.21
National,ssp585 (medium confidence),95,2100,1.421,4.935234479E7,3.980613134E7,730627.12,2848680.78,5966905.87,7074.26
National,ssp585 (medium confidence),95,2110,1.675,6.609208715E7,5.469659366E7,850264.48,3646416.55,6898812.38,8239.45
National,ssp585 (medium confidence),95,2120,1.922,8.567834842E7,7.238871583E7,969871.5,4523734.08,7796027.08,9612.17
